Country_Region,Country_Code,Cardiovascular diseases (DALYs lost),Cancers (DALYs lost),Respiratory diseases (DALYs lost),Diabetes & endocrine diseases (DALYs lost),Other NCDs (DALYs lost),Liver disease (DALYs lost),Mental & substance use disorders (DALYs lost),Neurological disorders (DALYs lost),Musculoskeletal disorders (DALYs lost),Digestive diseases (DALYs lost)
Afghanistan,AFG,1637816.7655834113,619231.9895998631,359121.7163807173,,1582891.6074089785,91736.19514419023,528383.239581478,406610.1492578392,364610.1271268375,352478.85887226026
Albania,ALB,209562.9718332972,101932.39483966754,25151.25083860136,,36977.250846945135,8657.318068548373,38310.04307307804,52136.2842519247,64614.21204464865,23049.53228993879
Algeria,DZA,1607330.18568931,613768.061365578,330359.10928765533,,795483.0975367087,87737.38150590152,705884.9993633545,591970.233212679,788737.2317931644,261085.1175378009
American Samoa,ASM,2775.4340365729327,1682.9435680605002,854.1835393742409,,811.9033468838259,205.0357666941583,713.0590954190177,596.4484943584796,919.9421030765843,445.36401179765625
Andean Latin America,,1304771.3163546382,1396702.6094038878,448306.988112142,,876769.2059781405,298096.5645759059,922217.2349336782,814893.0683165238,903171.9115973101,634856.18726261
Andorra,AND,2673.1911238497423,3480.1433433467046,926.9553302396004,,736.9902364537732,303.4942635106776,1625.438911210344,1713.6700695632337,2657.17346384385,738.2770359814498
Angola,AGO,604409.9946230116,406930.30165822094,227763.4023620137,,824749.6918905716,195238.2426718236,376228.00228062994,357338.58551368205,252506.32208932267,364592.5275588725
Antigua and Barbuda,ATG,3663.534826122191,2781.2484171525957,594.4141025853106,,1234.115365074878,311.5166484590925,1473.9883980362147,1442.7682220662437,1493.270153830151,758.0958907312811
Argentina,ARG,1874055.6477110463,1658000.0196156488,490414.57812155096,,583883.9772493503,196570.93444878023,829965.4135425807,577413.1956882415,1089538.7455344098,428946.9817877671
Armenia,ARM,235342.44947921496,135033.15389899135,33705.652034382874,,49030.49307784566,24506.16871564832,41969.87795020807,50564.463514692805,56251.10355999076,44554.16015260626
Australasia,,885444.3626454844,1206816.0050570855,374145.34729908686,,297308.30659000645,62492.70156832963,653668.7643847576,531733.7225109942,787545.0923333112,179275.20737843894
Australia,AUS,724101.5982334443,1005944.7075625851,315475.7335811963,,247983.89416018524,55560.74684764291,555027.4934621197,449072.623879415,652580.3498624206,151085.65390140767
Austria,AUT,413793.2139021895,415843.70420678734,101569.89426693878,,118853.888330578,48925.36752299956,165567.06144107284,206628.0561349846,252647.76898265106,106025.389262655
Azerbaijan,AZE,844711.3949671146,323908.4133314416,88207.52222134311,,190540.0622696334,89166.01593617213,133032.27029054845,149169.52022759922,155083.58800867427,138380.4384602962
Bahamas,BHS,18649.27386172276,14264.210142059712,2834.6579326939973,,5754.553879737757,1679.7107080315561,6177.633597568272,5588.277126436403,6390.228842952495,3929.4603732267024
Bahrain,BHR,28632.382904692724,16695.717392078248,10375.674230468228,,18387.17242845316,3014.5089761750846,29353.885248120387,19392.33189423594,33205.246907947556,9284.905117484639
Bangladesh,BGD,7474065.123170907,2815394.9903933587,2448171.321008496,,2168153.989874362,857196.5205313035,2631505.4234976373,1918694.6258988963,2940311.7180683827,1708688.8764060952
Barbados,BRB,14905.394149088888,14318.839912777476,2294.408669239989,,4417.42192947045,1042.076601223245,5119.535201835147,5543.347053686489,6106.2077205374135,2906.2953648678695
Belarus,BLR,1248286.5288390284,446406.8553970152,87948.12391443654,,121788.22559460707,83810.44334655463,161707.70789695944,198614.17855297364,220020.63221875497,168401.99488575757
Belgium,BEL,456348.0827350133,576739.0559331003,165332.29286818605,,140543.9718376059,49937.86595601972,225460.04636800635,294793.16252897657,356810.9245844076,119113.61716373972
Belize,BLZ,10225.013281290605,7867.3825313780935,3428.6217079940584,,6120.200082674258,1839.2479315175253,6150.8492630775645,5149.668787323033,5149.965928585915,3899.3793633349214
Benin,BEN,242681.90782273773,167613.0856240799,93480.33776794547,,353208.5659965535,46870.91598191591,143530.91304894633,146262.83771738526,116987.92685045347,119853.26641780893
Bermuda,BMU,3053.229128549917,3070.8090101783782,643.2894231727183,,709.9904908577626,179.2012004648809,1185.3308588344958,1221.8823972430505,1364.672168137834,540.9325731305403
Bhutan,BTN,27381.922116208814,13937.806202086109,12408.811546977991,,13125.13612861463,5267.777090118815,14597.121673295258,12415.358744835024,16010.577031888823,9263.608826096382
Bolivia,BOL,329041.362642386,310428.9456809609,102914.05995144529,,208586.2435969668,59812.01721096678,175975.5204111295,149422.73009293946,165005.00875644461,135799.01353138458
Bosnia and Herzegovina,BIH,313150.3015471915,202039.00749274692,45052.56452786265,,39773.66646592309,16607.678505636864,49059.174846799484,67738.45734779284,76608.59926113654,39329.631371007024
Botswana,BWA,55201.790238933914,39976.69301373388,25788.506271481758,,23591.591672114395,6179.374616361853,35412.94955530801,26270.04142678076,26600.468340876007,18038.526230031952
Brazil,BRA,8477770.142197194,6144004.583592633,2146048.225019168,,3412368.7228263183,1111694.759174146,4088305.6169491117,3681554.072210775,4596403.279027832,2488926.535183372
Brunei,BRN,13330.963049982329,14670.846894330632,3178.4430668550153,,5838.4884624590495,974.8589789390767,6640.481302160947,4774.411805393515,8566.727380715969,2237.397785277587
Bulgaria,BGR,1100498.5961485428,432404.6191620932,107493.3970889656,,88137.44787045306,60349.78593788162,107196.09183931805,161720.54476885402,175456.03365746018,116194.51923729436
Burkina Faso,BFA,522362.2358923278,360374.09865188994,156329.8741495409,,1082372.9750068504,76968.10953098518,260540.8216772125,270111.4805057266,203493.11247139753,251561.6103496259
Burundi,BDI,254150.19865894466,166612.5799137785,90035.58017691872,,413040.3792549894,59326.020113208826,143478.9224222448,111697.2514986772,81649.04512232747,144589.4103591326
Cambodia,KHM,598934.5983085475,361246.1376227192,180846.0574488544,,295541.8011003469,280712.6742696566,213471.77735794513,192709.6724106298,259218.5618697973,370098.3870446905
Cameroon,CMR,624162.3252070758,453882.67721500853,236615.00955885852,,624317.9565820926,147091.30198477788,355745.84690118104,364629.5821126274,292148.45447460184,321286.6821146464
Canada,CAN,1285870.8820203277,1705739.6107290164,407926.3458180164,,386822.3387784843,119651.381758455,697720.9867110822,745571.8433447833,1103284.6523898034,283354.4653973232
Cape Verde,CPV,16133.323604572304,12893.617396594385,3425.523862919728,,7254.065966004357,2908.1140977595924,8600.682495289233,8757.259408415106,7709.321949197024,5206.423554957469
Caribbean,,2373873.7878430043,1541044.112681889,477785.24417702423,,838612.7922496591,206692.22081700887,774013.9483879709,723287.5173894458,701729.3971968888,504034.29214999685
Central African Republic,CAF,212275.21584350878,92967.03024507775,61440.16392940121,,228856.79617289535,26504.046290509483,67833.51703945277,64347.797249786934,48230.787708612654,72881.31518542599
Central Asia,,6898911.953266912,2289842.676640323,727935.3449520739,,1461216.9814932062,1048825.4839334749,1195130.0627594092,1292022.5822645929,1255526.0126893509,1527469.700026009
Central Europe,,10552775.952635948,6992215.54311535,1505076.4150510188,,1313645.2359811992,910197.3278854705,1689612.396242726,2403936.0010200185,2912791.893712312,1859263.7963853944
"Central Europe, Eastern Europe, and Central Asia",,46033240.21659034,19891343.75529653,4323754.116946583,,5597619.357624191,4688925.391905838,6320835.487863745,8089709.675277508,8742490.757668998,8435979.153923964
Central Latin America,,6843413.471670733,5445117.738279345,2020605.21275047,,3718531.0496062106,1774330.9428585996,3548541.779622169,3628556.564569943,3399420.36307601,3193953.16304269
Central Sub-Saharan Africa,,3238833.4098311574,1760465.486329605,1140102.545127796,,4533335.06032698,752821.597634617,1658626.7259611478,1509055.6988221474,1168143.3709787107,1645484.7126299755
Chad,TCD,366212.61103723716,210569.004331074,124640.43093418884,,507116.0236444324,77279.08034252793,180267.70756384038,180326.0450828585,150861.0164839223,194049.66075317608
Chile,CHL,546573.9858494712,633510.2491825061,160641.7381611637,,225937.81809852977,133586.78559968132,358639.81867888663,272873.9252424193,553731.9937299647,223906.05278620863
China,CHN,85040846.12427579,63245940.5139963,23134239.70822763,,14480430.784860246,4599050.77611853,22229804.823563524,16990894.724522326,25500185.27844922,11517183.55277047
Colombia,COL,1299534.7181219808,1147751.1658276548,423543.1279451533,,642979.8495568292,106544.20719399699,646577.2956499326,747052.0555657976,806090.1025203719,355328.8098738317
Comoros,COM,23399.60560029652,17280.421801802135,6217.268675179636,,15066.770125940711,2736.945355945685,10016.396240835684,8768.941470426185,8192.634470755873,8699.821938798243
Congo,COG,167782.81917686274,104454.49964042127,50646.472517989394,,107153.43155155457,35702.749820913705,71942.55280866934,67739.23192059768,54855.05032143717,65033.54474169751
Costa Rica,CRI,132397.80235245996,133609.77990662731,39985.716629281764,,55176.34864323102,23175.68730955269,69865.71837595972,69804.33804481236,70525.21416953827,46375.05980817152
Cote d'Ivoire,CIV,729540.4534438403,319111.5773507026,198516.9311500017,,804090.1318726925,133722.64975994723,307541.87611310434,324799.7594141449,262448.9904962623,300730.950957823
Croatia,HRV,352070.4581929535,271177.6538530073,56710.04834997901,,49809.420084003395,29237.105663782186,67381.6102381614,95226.91999519384,115575.28735055766,58448.40141205133
Cuba,CUB,647555.7188883253,563615.7521705916,135656.8994693213,,119625.16435414937,52350.39864373051,213412.263192168,207544.77433898687,201009.37802744712,125672.96190283033
Cyprus,CYP,46262.01207419925,44343.62246645559,12992.274680194314,,12340.57685649658,2953.9839275347376,23864.264614537347,23553.218000087567,38151.31273115808,8217.769199590639
Czech Republic,CZE,776755.7455794534,593246.933761518,137707.75628949568,,115214.37510595909,64483.28095863488,161199.22952206587,219994.49994220465,267007.7450330309,142890.86984779828
Democratic Republic of Congo,COD,2184711.243974575,1104023.840954057,777673.0114650776,,3309597.103206637,475995.3867745119,1097050.932358805,977859.9409662929,779033.6882009994,1109319.970899363
Denmark,DNK,210868.52462590218,333281.9897712946,95230.32130094516,,67099.89807696713,25917.234578399595,106085.34104920118,122171.03735569981,198070.97539701985,59202.179137965126
Djibouti,DJI,30146.36557592839,24778.7659993563,7639.001899307372,,22408.830669263207,4904.344328724865,16031.499812754446,12676.66580891018,11571.421577888974,11454.337057815765
Dominica,DMA,3964.7084797599455,3385.595832372567,717.7298908200314,,1336.3433829125074,269.2056236777337,1118.088204796221,1340.7769897828227,1182.0764023747088,751.7031072432176
Dominican Republic,DOM,504834.058262396,250153.0162517493,73025.96457150407,,153744.0778358918,43524.63611852844,170576.53126920207,145583.5657994793,147661.25750909484,96229.97318186391
East Asia,,89290189.38582522,66671221.40217952,24991699.22373861,,15322278.848119,5000632.105964129,23334058.61695323,17984272.601446114,26910388.81369052,12312306.313976135
Eastern Europe,,28581552.31068749,10609285.53554086,2090742.356943491,,2822757.140149785,2729902.5800868915,3436093.0288616084,4393751.091992896,4574172.851267336,5049245.6575125605
Eastern Sub-Saharan Africa,,8184186.928107938,6589751.771942537,2836033.5563568617,,10565849.168034893,1942504.140917324,5267237.824916761,4093530.4527950766,3194435.580795336,4615458.922522792
Ecuador,ECU,405981.7793824666,392908.0671844233,105163.69777946793,,231509.2967695329,89122.80159865916,266955.2848030055,253409.59359776898,245858.2059536798,187485.22824879285
Egypt,EGY,6052480.199333599,1618052.249208779,1102163.2083717466,,1716355.8749052011,1175430.7037831305,1530657.5466524872,1262392.877673497,1759669.479655209,1665672.080693243
El Salvador,SLV,188360.0973313122,138265.5075667873,45446.77108138723,,81784.51445980808,43720.47281388257,88042.39675822348,89763.93852594994,78466.70067435125,73439.30165108293
England,,2169329.6378527754,2748247.0613062275,989756.0536769773,,667405.3441977035,207717.15991964008,1092652.9942472854,1327646.7881708043,1814239.66210232,610426.6662817413
Equatorial Guinea,GNQ,17891.146768901275,16427.76964630164,8409.170300074189,,26911.71913604515,5533.505645540333,19466.12550913863,16786.4074029252,12592.004660369084,11614.704533346216
Eritrea,ERI,156795.72970182414,148603.2923471169,50484.53491785116,,150810.46243348948,41149.451559046676,81153.4329059918,70366.87076864339,42454.36890645805,92863.17592019918
Estonia,EST,114606.10977729053,70194.21520977104,11258.603592915257,,14866.555733337029,9569.175477353543,22245.87231736027,31145.030894079315,31674.029609799447,20625.46863440819
Ethiopia,ETH,1552449.965545594,1464153.2992640787,588164.8557032521,,1981488.8671147826,524216.5004225454,1385133.5106674358,979219.341740776,812103.058682018,1141664.1329565612
Fiji,FJI,70531.17451640042,22399.64732103023,16310.716906129042,,16163.209937727368,2351.0494130899842,12118.7375186328,10179.466631708432,14366.065133599117,6600.194749385137
Finland,FIN,304521.75960872776,249308.4398736437,58543.95753133286,,57050.39772863625,34696.69054930605,108764.94347920775,161068.10398450578,169904.7338252657,65576.13991008923
France,FRA,2148332.8095797617,3399596.2846491933,535571.5163482106,,686439.5351396622,270000.40871689556,1408350.4445337737,1569556.630659078,1833070.8410016,606644.5661819165
Gabon,GAB,51762.989444297644,35662.04418552653,14170.32455323985,,36066.31836927661,13847.666431318174,26105.595964451702,24983.73576886256,20925.51799797004,22042.649711270235
Gambia,GMB,65953.22925578835,34138.727054851995,17633.587660020934,,75174.99158076405,9944.321794645284,28871.47473020445,26685.69305849022,21766.659228207125,23388.599324565228
Georgia,GEO,494705.9675131544,197048.80860835273,50456.02338568329,,47646.45471128927,40366.6149798685,51592.19391316986,71066.08291807184,65843.27790759872,60612.28721916463
Germany,DEU,4838016.054795477,4822294.47959704,1247634.2016824451,,976540.2629414719,495800.23754163703,1685264.847796478,2148269.117075249,2920694.600972483,1080399.8705360976
Ghana,GHA,948195.4165645478,539919.1808081164,237949.51270621104,,723444.9844210709,139350.037152151,395971.1983255292,389258.9589082049,295522.12882805854,356711.69268150994
Greece,GRC,698110.7762200658,571081.6010820067,154012.18389687606,,117850.24490804214,30482.57532256437,217346.72394969448,285736.70495600905,326339.3017921412,90250.30941509569
Greenland,GRL,2523.073785774701,3362.5278003011354,980.7889851435948,,725.2922078156604,228.25132892097184,1386.2278369258102,975.8441511274252,1399.9945452149495,655.1196551142413
Grenada,GRD,7245.78577976146,4875.155598736733,1081.0233290579865,,1595.713115396101,500.07836123653215,1807.5597686552344,1934.7838982667154,1929.1299093394955,1249.6654047267707
Guam,GUM,12649.134711346618,6147.96504119216,2573.4216277174733,,2405.8400205089924,1105.6117533711817,2460.0980341778322,2076.3170047652447,3082.2580239376325,1664.4581721985894
Guatemala,GTM,348299.59911953,305020.017686082,96233.1610151153,,265701.6001351605,160357.5557166381,234258.59839891433,203953.61207652962,206752.08998176796,279521.2813340546
Guinea,GIN,406348.7743512189,251872.84582380945,123044.44261071713,,400863.2669700945,58131.87538382992,144860.3438227021,156507.50596687238,119648.73186220105,132552.4108051325
Guinea-Bissau,GNB,65067.01784317555,33035.13878853038,17598.517142899684,,82834.2562938957,11138.459183315083,22984.73398471565,24450.139365986088,18440.996304815468,24591.408738907692
Guyana,GUY,48599.33629206959,17660.66962124501,5942.638802057728,,11773.78164824423,5572.854771938856,13616.917689550472,10478.915802399177,10163.515374122457,10767.600825112782
Haiti,HTI,625338.9839552225,297967.7042197123,141443.8172396151,,378766.7018857875,52369.1175167499,175517.47205723013,151517.51283377848,136533.90587426428,149502.04948987716
High SDI,,49967339.6351945,54950455.77405698,15813206.474963695,,12705665.677246893,5276810.127232006,22371084.939863924,25150463.28811735,33663267.91837545,11568821.965843394
High-income,,45481649.96657117,51205169.04176082,14949994.826785602,,12125908.864974065,4923736.7598446235,21703457.864895776,23979558.44245989,32643901.168713424,10744122.315649297
High-income Asia Pacific,,6592529.9263804415,8818230.677730305,1882389.876953631,,1753522.156318604,835992.1168940145,3141806.7752827727,4094438.393567696,5786260.509570485,1575909.2886840494
High-middle SDI,,91958803.61689311,56336183.19959668,16221693.126820935,,16441680.964443548,6830247.67019751,23612285.638962746,21057779.46422801,27822961.56177368,14631383.52438844
Honduras,HND,290068.39563110314,156986.96583058726,87105.52363091176,,126914.91487929801,76380.11724370334,121179.61566167846,136774.1613102649,110871.530945626,159619.52419693655
Hungary,HUN,934660.8115361478,696985.9697495401,173757.31130958456,,113458.41917038828,93669.44457548542,153484.75509317574,204300.46600244704,273244.17616617534,174715.59671248725
Iceland,ISL,10371.508066587041,13114.093973709969,4070.9203242998383,,3033.686764576426,592.8764973767827,6219.150812655542,7146.9259566393075,9408.049660951949,1740.8578287302819
India,IND,65117829.91130261,26479251.630138986,33756760.767838664,,22097700.44852278,7401548.383256817,22485306.051733837,17643207.473960046,21825194.35335634,15479297.07978904
Indonesia,IDN,14617323.045465378,5684282.946368203,3543650.1365836286,,3346549.4831208326,2430248.929304524,3383801.009434928,3099640.494726184,4341700.801704002,3754696.926178279
Iran,IRN,3214110.6346651968,1589265.6338500872,593550.2715713439,,1268793.9213469324,159318.7372406692,1927869.6208022626,1630661.590757766,1818242.8048245828,527326.0990608912
Iraq,IRQ,1142642.0676359434,464543.33913660864,248931.58680291852,,886624.0655345381,50003.29944331903,692000.2561724095,515612.17455990345,611579.0686339855,226902.64602314788
Ireland,IRL,149332.80294672327,192621.59196274227,62127.81005283959,,55240.14090805443,11661.768340530289,99484.79167236273,96292.50686489113,128692.30888465595,32909.11982204626
Israel,ISR,178990.88704861005,258791.12704806405,64990.58733901836,,98324.64789543976,16372.313316502932,145002.4801568274,154181.8918857467,214531.9569262007,46598.261325195665
Italy,ITA,2636255.8995868205,3203988.6732024737,579468.8280034735,,591178.5288406054,246753.2137322846,1188669.7489173152,1748088.8203788425,1976667.7984572984,599956.5601723229
Jamaica,JAM,117281.94222340008,96214.22906388293,26088.66278801812,,36921.683577364245,5572.291895322368,44909.968184622354,45113.513686564715,45578.154345428484,19685.303266574017
Japan,JPN,5211326.338396885,6688568.496455722,1354109.0148336908,,1285071.8181621195,539870.5979734268,2144179.9498845,3143146.852170977,4188786.027702794,1082871.6810301277
Jordan,JOR,219440.65306127426,136782.48225715346,66728.14381659393,,202614.1720915689,15657.248202265291,178800.87935838941,134898.7376633639,181664.48304213333,54430.421576313034
Kazakhstan,KAZ,1434550.0091125276,507539.0977881354,190033.53462033469,,282751.490410968,225144.31624259078,257055.003241749,255322.34434309852,266101.2648724422,339708.57199323864
Kenya,KEN,950651.5608903776,691778.7300653203,321117.58819388004,,946709.3173065126,338240.3370431905,656455.9433788728,523008.0095077224,441327.626406413,703412.4334767208
Kiribati,KIR,8891.604597677362,3076.455130017418,2737.103150407671,,3662.178398239048,695.8537065315027,1448.7714603252014,1393.2123492668084,1599.7042054178619,1765.568484378579
Kuwait,KWT,92502.32238355617,37579.16675181651,25198.21168789861,,51748.22583438418,5821.953169133822,83210.65487830395,51011.61611389091,88434.55626261029,21627.80731727617
Kyrgyzstan,KGZ,347946.56053387426,109841.97902206199,48817.88513756616,,97635.00251725245,76824.0196595368,81104.45391244387,81067.95157673945,81293.27076675883,111454.81919792335
Laos,LAO,345430.3211964077,147051.61467218728,105532.145169208,,189455.0149344939,53682.27442741392,94448.65168870868,78839.66071140586,99928.11038861252,90300.36178169413
Latin America and Caribbean,,19204944.25542125,14672779.730321905,5140676.761429144,,8934950.221693901,3411005.4083282114,9452732.78864357,8948982.070254035,9711871.581423577,6878135.402653856
Latvia,LVA,249929.3246353932,117818.31216527756,17900.063782542533,,24912.85506161221,14008.138137638209,31189.37930746641,46810.72689341373,52439.75101896771,33451.45921201755
Lebanon,LBN,286264.35922069306,218053.19391946396,75102.55996766347,,92473.75730597641,15776.880870428382,159382.70478449974,120767.56736276533,135825.01156899586,49419.17435057062
Lesotho,LSO,95828.2484448026,51463.38381717932,40806.911662924416,,30528.840564802285,7173.183906134047,34619.487181845325,24927.202155021787,21245.694869945557,23227.364968268197
Liberia,LBR,117454.59687646168,64796.29536788906,30881.616716494547,,132299.09020525034,26791.31233719444,61496.78720908372,61170.3830599271,47665.49895875716,56312.77731249085
Libya,LBY,340728.3611297181,174082.05618364207,61989.43160862946,,88381.85268517422,18500.45626037758,124711.88946351538,103316.49259316197,128679.62293186545,47475.523992556526
Lithuania,LTU,343133.8108352536,173375.91347910205,27717.81248728264,,36365.41200086099,31649.72592156308,50246.654364844544,65103.592270657304,75979.31806490752,64231.674034692245
Low SDI,,41940719.41647908,21755665.791237727,22975879.04114107,,32391603.92362426,5952840.273849502,18557344.606468227,15047040.403531086,15636589.842328975,14697968.059450695
Low-middle SDI,,74906149.77939731,35671156.98912216,26489491.401602075,,33249884.993467834,12054326.314160628,26116766.47268514,22190244.894210953,25038035.983894005,22694836.176299445
Luxembourg,LUX,21061.31395419077,26370.11583558882,6944.1496582018935,,6062.372165887743,2730.223300638922,11646.004824780894,13903.52715397472,17605.48110188686,6127.906660879657
Macedonia,MKD,193726.4821439821,108763.3107924022,22538.051181764786,,23255.179246647083,7437.886029849078,31443.61745346214,37493.9092495336,47543.705008478406,20067.073203034888
Madagascar,MDG,1022722.3529350552,420623.2234608809,315559.1240635948,,745013.0497916952,104530.90668208172,346333.9593047597,269564.59713674994,223844.31592926246,272667.7088430383
Malawi,MWI,368710.4952396283,357818.83786743094,126134.28697477828,,491300.7237454535,86429.60787346105,219169.33040280172,189105.2045823693,149573.69639813813,223240.70806235526
Malaysia,MYS,1397311.3732971535,717317.9124255318,251212.49680428067,,356380.4864403758,87860.40117716197,481086.58600600954,363183.82623170095,452820.7152119372,205875.48295977665
Maldives,MDV,9492.268428990075,4412.562663038414,3851.149666589364,,4699.206602469392,534.8027825677718,6565.938149098053,5194.773093181227,7055.667608450835,1426.4628894740963
Mali,MLI,507034.20145686634,354425.5007284656,209299.18036981122,,932666.279629702,71580.39803880209,224699.38088267567,248026.65332621327,167558.51171651724,232279.9496553184
Malta,MLT,23496.40968308604,20778.455286105374,4929.201914816331,,5034.76653169842,1130.9132042272067,8100.255177621968,9961.491792175777,14167.448837551196,3628.1437013327522
Marshall Islands,MHL,4874.1569800220295,1662.7628333683588,1122.2256825848697,,1073.3405904301262,340.14327082858904,712.0075494096776,608.4121941619258,853.144663652297,634.5283593780772
Mauritania,MRT,92122.56665068146,63730.08578948128,29333.87410601428,,72941.07395896247,14251.507689911256,47315.45000289585,51360.502471777516,44213.994125570585,36670.49842108834
Mauritius,MUS,71734.93644716383,35506.72016778508,16578.423112074554,,15442.920924764387,7349.187523316381,20325.02899922087,20319.056754118534,26641.258478063486,12281.71285803761
Mexico,MEX,3280165.2805816536,2581521.82023084,1026299.3296944591,,1985710.1332647656,1198862.2765202608,1803545.980169701,1830404.127938389,1588612.816141729,1938937.3189485788
Micronesia (country),FSM,7626.2733350283215,2697.8049076478123,1985.2338679103127,,1556.8601687092291,512.2829385152116,1347.5938076997595,1132.3756634021236,1589.8664979868252,1014.9567196361353
Middle SDI,,105421488.55784088,63592640.22305317,30340417.44910989,,26767475.589979853,11179403.56093045,31659658.32399063,27364798.49530932,36052688.6068293,21448066.27590389
Moldova,MDA,419291.11559731467,168376.2743212065,33028.19345126358,,57900.589163551456,91040.7416128308,58257.00226023194,65645.35576420164,83589.08876840776,131393.67615048154
Mongolia,MNG,205360.9133119976,133960.2067542007,19959.92000768721,,54857.330906019706,44389.325339691866,45636.03779910708,40730.45314855468,42974.29221396367,68331.96236184062
Montenegro,MNE,63290.47215038999,32253.8919399921,4804.114096142003,,6069.965435363061,1691.2809545866614,9226.836481619272,11581.763339445051,14504.920097084409,6136.132311395203
Morocco,MAR,2462669.416261492,707141.6194710507,353662.7556061998,,694815.8139288718,95427.62260775556,758826.8843667194,542607.5837050469,779603.5245437231,287422.0239326518
Mozambique,MOZ,825537.4695025181,546876.2581091168,220222.36368757047,,944061.5897971634,90551.24258847642,396231.2024841642,338885.47419527627,231242.8474426386,341424.7742877964
Myanmar,MMR,1832530.0778600539,1714450.261416752,1468156.0465244697,,1169990.4897094928,818991.4916913024,642053.692973537,724973.5632795868,767088.581858768,1052204.6386781773
Namibia,NAM,62173.11002591126,44662.237746314735,28474.948793110907,,27739.74645285861,7213.051484698414,32768.88136522851,27450.573409397464,24667.31525784076,22748.660867473667
Nepal,NPL,1153568.6087709276,503412.57147760346,671250.3638322004,,324701.81693140866,178703.03165140573,455848.3647358882,449180.10064595635,559115.1980166604,323205.802756413
Netherlands,NLD,596253.4813867225,999804.4552565948,257198.03631551558,,203140.6302811149,38451.79841272095,366718.08440760634,410289.852806795,575477.4588880126,126254.48587743618
New Zealand,NZL,161342.76441204024,200871.29749450012,58669.61371789064,,49324.41242982126,6931.954720686717,98641.27092263784,82661.0986315792,134964.74247089087,28189.553477031346
Nicaragua,NIC,120757.924114925,90790.92858881461,36666.16322104962,,86143.50388629628,36175.51279315853,87040.81759442836,77139.9652222567,77172.81396243208,60514.9189393841
Niger,NER,412920.7761036947,267699.728180197,163705.36052855017,,633927.9967236917,61379.567275517664,244944.5035839077,237494.4502034445,185133.3333789793,217322.51396732108
Nigeria,NGA,3076050.028305175,3171630.9088269137,1207570.3175518094,,5340355.764408212,1623367.3793531198,2647339.892660451,2863877.5705995695,2242741.170039881,3010427.256790196
North Africa and Middle East,,26270969.39400324,10650714.664318316,5513300.733679042,,12294987.196392035,2214072.804438629,10888316.611391807,8725496.268643681,11239371.030417174,5197471.737278503
North America,,16928479.73742534,16437952.345947722,6404498.18632069,,4416316.575359421,1842408.0171965247,7912186.1259364765,7525969.8749203235,10787684.268780326,3861783.051920455
North Korea,PRK,1992476.867080896,1144349.1720197971,1052129.661839083,,331446.6647656037,141075.53127288347,371788.413429272,323676.35019592947,474348.1497861127,300656.98384004616
Northern Ireland,,71377.67120352742,90978.6764002832,30954.68953039101,,22716.87679395658,6635.5556492914175,42525.953851015496,44446.44856847218,53938.069267424784,18877.303848210006
Northern Mariana Islands,MNP,2198.359879871562,1546.0940958887106,690.8401867255158,,445.8491305411354,267.51361763239885,670.482449253284,545.5590173926468,890.7849757538577,457.7395318839738
Norway,NOR,176499.16667709727,225620.56113241636,68127.93278036527,,62969.88111640603,9700.539356499146,109408.87479198376,123665.4987653432,156604.92927190807,37218.240605101935
Oceania,,1086369.9405225595,311030.1420381945,564990.2839228874,,318798.1076987182,71819.8052932177,155228.68443045544,124027.91629750721,175015.26851905618,126721.23617076619
Oman,OMN,121205.0725814234,42330.03345792885,19226.12886038702,,50130.648792947686,6778.4144308559025,81785.64286272458,56655.59622314383,81641.58220537103,22818.88508386836
Pakistan,PAK,9685492.279702913,5936443.579340562,2485319.484229432,,4341173.551566138,1675845.6193411453,2942395.7307676417,2482247.641734504,2678859.546753984,3089324.7067421726
Palestine,PSE,123705.16767451227,69347.89303340054,28809.61012292496,,77430.55529425082,7540.702086645865,87326.91649377855,61030.080910053475,67689.93936606907,29575.840843617516
Panama,PAN,98164.99123649466,86148.73586548348,28350.78215456501,,57755.92684120934,12468.241271992461,54789.043810624666,53506.015343796935,52693.421295173976,29029.813258408612
Papua New Guinea,PNG,844226.9639960219,226958.9932404036,486382.8514491473,,253078.69467422235,55838.03669085613,112398.254449869,88135.35023970307,125275.18000358006,94329.04908133498
Paraguay,PRY,205115.53735568826,145910.68636414915,47931.09137033968,,88668.45103356922,20190.920902550162,119654.20875064096,100690.84776734843,111146.63052553602,56365.22501518678
Peru,PER,569748.1743297856,693365.5965385034,240229.2303812288,,436673.66561164055,149161.74576628004,479286.42971954314,412060.7446258153,492308.6968871858,311571.9454824325
Philippines,PHL,5675418.764043517,2462112.154266132,1646388.944782203,,1824729.326405751,406663.5030368739,1289062.809496037,1163214.9087555723,1785301.6230891203,946396.7977560972
Poland,POL,2776497.408061352,2351685.1146477605,466534.56384400977,,446247.52468096936,251184.98066082352,545492.4868037689,807420.7214107956,952962.6599208568,587889.3015635052
Portugal,PRT,496625.8679676876,565791.2137039029,149726.09243669102,,117408.4334236499,54456.542940743966,224494.94406005862,261394.63906968935,350325.7961024857,115328.96129025752
Puerto Rico,PRI,144658.2515055747,128263.6087018293,45376.547204896204,,48060.10552971978,22953.463683018097,63195.70794257293,76208.91028577847,70911.60806305562,41925.68240391636
Qatar,QAT,32290.83490584043,23270.764064438925,13291.345642061187,,23573.70150103793,4473.66310234133,54069.726198715114,32795.61651875402,55033.70372224042,15562.839822549808
Romania,ROU,2305349.5116080497,1191380.454514761,264537.89909496764,,219612.16355620147,276608.98923993396,282013.1983785254,414059.77252396743,501095.7088653868,453533.6436397117
Russia,RUS,18642917.999115463,7121258.519118277,1449940.2158761825,,1913145.1018513485,1753143.4968117066,2340288.5686425576,2951920.8620574856,2951986.448652317,3404992.071907746
Rwanda,RWA,203065.73726614466,210784.65267069696,108004.59412665213,,328202.05039602186,86965.40895911335,173224.00964524606,133273.9774565024,103196.25475211523,185629.1285243151
Saint Lucia,LCA,8297.20180649628,6401.160926878393,1876.535341755241,,2199.2626361641965,786.7340313263928,2990.0339483961907,3054.5438183644324,3068.233312389582,1742.1407501804458
Saint Vincent and the Grenadines,VCT,6881.708004667382,4735.488954838376,942.916472815888,,1860.1372529108319,508.12465746098826,1877.8138459209586,1887.7155046949026,1934.569887582894,1333.7378243478115
Samoa,WSM,9570.527184189368,3339.6275432462544,2916.321579121741,,2697.3479389778868,749.8597900864322,2408.384072642855,2155.40330324319,2827.928793259588,1578.2922853754653
Sao Tome and Principe,STP,6046.26909084325,4125.7748855344735,2903.2539496180398,,3946.475315686777,2759.140671479062,2565.104414251471,2674.8910716105147,2224.1276524211644,3864.4597926531123
Saudi Arabia,SAU,915421.5008052342,394538.1920461888,178273.98093215353,,386285.3040674381,77709.1360339774,650693.3837325146,477686.7796479873,666874.908979591,210438.62817946367
Scotland,,276169.7619599745,335575.69243379426,120653.86548396939,,69754.42970896402,33029.7344685946,107003.96287384401,141913.27709079554,168470.3652372166,75274.46796945321
Senegal,SEN,364237.7976296281,253881.27540265975,120859.26865402929,,384009.02210227365,49965.16596382563,181676.01876446948,192119.35516025338,142156.24521241753,153225.10812494668
Serbia,SRB,991241.9148790286,595737.9448683873,129096.80488122485,,90484.12237677877,36679.861054155896,132398.73482840072,185681.5001969703,221844.71492726012,114404.87740102976
Seychelles,SYC,5306.2446197939835,4204.664008828998,1061.030781784079,,1490.2820189069407,845.0436736380914,1425.8938729193735,1485.7404750439416,1859.6571867515088,1459.7239579444504
Sierra Leone,SLE,261826.4458227568,122704.60734227928,68298.45021749112,,320950.2480903645,39458.4962124183,99806.52935560004,104414.73181662805,79956.3587271694,101052.58146190931
Singapore,SGP,135040.20482515622,127107.607288152,29302.025552754483,,46163.990596460695,8563.749578937457,98173.47265038572,63048.91534516517,120938.78022246975,22166.406976185957
Slovakia,SVK,427833.81902280275,299234.5288750648,49621.10723915174,,60324.82738574425,48597.68798798126,79632.14984370148,103241.31209008377,145419.88221752713,93413.70154956805
Slovenia,SVN,108137.45993275574,115373.71861841019,22071.546309269263,,24280.873755823246,14992.028248170842,32774.4678406495,43339.84990080588,56914.24916270858,29190.515846572005
Solomon Islands,SLB,36455.15580869061,12614.915613597925,10115.969239383585,,11824.612850602814,2945.4423467191186,7661.797966094753,5998.057931514946,8224.897802249337,5183.5935036915025
Somalia,SOM,517264.50781455595,335612.1936827375,145300.52188506012,,393040.53909354546,88200.60899050941,220135.5447308844,182875.92192628235,131826.35560825915,210122.92491936396
South Africa,ZAF,1679421.1757886868,1271304.2397909085,769705.1172168659,,730926.6751079061,148069.0328414717,879409.3983321069,707366.0780009392,692066.1579393118,446746.31055329257
South Asia,,83458337.84506357,35748440.577552594,39373910.74845576,,28944854.94302331,10118561.33187079,28529652.6924083,22505745.20098424,28019491.39322725,20609780.07451982
South Korea,KOR,1232832.4201084166,1987883.7270921,495800.3935003302,,416447.85909756477,286582.91036271123,892812.8714457266,883468.2142461609,1467968.974264506,468633.8028924582
South Sudan,SSD,240648.53144744012,183156.07004226613,87043.76798945063,,274771.57917863724,48915.175727963084,125837.62172054865,107110.90879527152,78417.23353561213,115770.9579136929
Southeast Asia,,32183307.72066349,17415851.809761018,9321799.116067857,,9505467.399587616,5430302.146462065,8820307.97172427,8498673.120856583,11518008.425150365,8432575.71978299
"Southeast Asia, East Asia, and Oceania",,122559867.04701126,84398103.35397874,34878488.62372936,,25146544.35540533,10502754.05771941,32309595.27310796,26606973.638600204,38603412.50735994,20871603.269929893
Southern Latin America,,2579182.80708902,2485529.1483615767,700594.2823753746,,857720.9275744415,342022.93589603057,1253157.02872908,910206.0979629108,1726002.2265288783,687119.4044917576
Southern Sub-Saharan Africa,,2404275.4727861527,1796793.0787769882,1053498.2553897777,,1067456.6150292943,222779.72603287394,1176323.8315510664,958981.5702753478,916819.4847021884,669858.6174377382
Spain,ESP,1681337.4730692941,2177937.0934156096,586626.9399532293,,475970.6158667274,187474.16702261372,947326.1294267952,1241171.6683767557,1273881.2880315671,452197.5675200399
Sri Lanka,LKA,888826.0517474456,420057.2314065305,320558.6911895234,,239206.52890721828,117453.46184907401,326956.60888598656,301123.6099325425,370028.87766024953,170958.67811561268
Sub-Saharan Africa,,22860816.52114,16946665.575031716,8136637.184246205,,28841837.28465636,5538932.136752433,13559220.801839665,12309862.037839193,9763406.94017196,12551035.841520116
Sudan,SDN,1749533.8312922001,481372.19178944884,310761.256953789,,1755724.4745432653,105266.93326332074,665313.1550858938,497814.1549766663,575792.9785966807,328915.7307036643
Suriname,SUR,31121.724205820738,17235.510003004507,5585.870295484941,,9964.75234318859,3524.697974737449,10585.871288222124,9140.025727084028,8928.735446327493,8080.868848142616
Swaziland,SWZ,37635.819001098214,25740.991652843237,14695.609508428051,,16219.77243899432,4569.273450813002,16416.264675746144,13051.257141364109,10881.551743476928,11123.19553043232
Sweden,SWE,452309.91064822755,438817.32902644604,136465.45422000517,,111159.1047610224,25487.881283314222,212776.99695137935,242959.2842530852,279310.3783795035,73953.37667986228
Switzerland,CHE,266108.51757789066,338127.6692190193,87115.42963472367,,91315.4688684838,22917.02853651074,168372.83243317483,187516.19685808077,312645.4038196482,61622.61811462343
Syria,SYR,992523.1441617636,258336.94024515827,164118.97149263858,,233971.46908438,47917.80467519624,309007.88533745136,240693.11140229477,306109.0235769329,122890.7209590073
Taiwan,TWN,818451.8982581813,1206896.0129737523,402727.70112162107,,263568.14433935715,179948.44102974073,356566.88091014966,379985.05740849173,502344.227795869,296121.4799055804
Tajikistan,TJK,424400.6926497127,161418.37253036586,64846.2167906816,,210339.15044490862,60412.496443246026,107317.99499824732,128384.08578283846,100906.71752283516,110783.945452581
Tanzania,TZA,1099234.8054341394,956193.2375967434,390402.23666069034,,2313436.0354412096,204710.17527259566,708180.6229270877,555336.2624796622,449787.5641873621,575010.9122015227
Thailand,THA,2421628.829844,2576516.734825528,686676.8954439565,,793031.4982758431,546302.2002073898,1109486.5614935455,1176171.3446725395,1657633.5623205954,850643.4574784263
Timor,TLS,53477.758709835485,23361.37917615415,16048.663699336428,,27808.68745831805,6893.2240047229725,16056.607175670257,13879.552071588032,14568.333312436893,13376.950373580281
Togo,TGO,209081.77106181748,113184.1451971959,64886.7398736932,,193298.4467658739,27843.029430512168,98219.41284880307,95309.90731439553,83287.7662790032,79090.38946948826
Tonga,TON,3942.6769819983424,3344.141299450783,1711.0775948419785,,1331.2686436479974,631.5286586416453,1271.9518592323814,1230.2661013404836,1674.5515614090887,1236.407655838318
Trinidad and Tobago,TTO,83028.23173545943,45944.22813928691,11929.34887534328,,22890.47213215037,5498.133872141594,24644.99848786871,22519.2626545546,24984.01463488958,15432.163664622036
Tropical Latin America,,8682885.679552881,6289915.269956782,2193979.316389508,,3501037.1738598873,1131885.680076696,4207959.825699753,3782244.9199781236,4707549.909553369,2545291.7601985587
Tunisia,TUN,596993.9750860848,227201.1418123357,101970.12121222193,,136060.18482878344,25373.56579007038,216774.6736276697,186785.9976260059,250309.2862936076,82378.45440462981
Turkey,TUR,2955833.296916521,2379392.157257441,1099216.8755463462,,1223896.193891778,140845.51925979392,1412161.049767933,1307090.8709778872,1913461.4438944203,569076.3750519288
Turkmenistan,TKM,422546.8031513479,111696.94835495767,26151.13206081135,,95386.31817143846,90746.45128676509,63451.15791329095,67616.40417547354,66434.96703029411,116480.39349839074
Uganda,UGA,604533.3156100594,748723.7068010104,260792.1107865009,,1040070.2596328228,149135.36000706453,558116.5417362236,389321.797400923,293551.973776009,375602.3324455234
Ukraine,UKR,7563387.421887745,2511855.445850209,462949.3438388682,,653778.4007444677,746680.8587792447,772157.8440721886,1034511.3455600842,1158483.5829341812,1226149.3126874578
United Arab Emirates,ARE,267695.4546657764,186365.0120407532,122111.39087108082,,106227.28598200863,16832.671641847966,180356.6306481905,125436.53046796164,216633.95489420288,57061.85731852707
United Kingdom,GBR,2669278.4169022967,3355847.4542776975,1202971.643165227,,797772.1510004022,262166.4566096934,1303030.885959856,1595836.2397459848,2134696.3674729033,741730.5049479111
United States,USA,15639789.536180886,14728562.546123715,5995478.973918001,,4028691.6596044907,1722496.1422906788,7212940.449513359,6779290.484266233,9682810.839254986,3577705.886339182
United States Virgin Islands,VIR,9203.874660518732,6872.702985052563,1140.4759347185573,,1481.3341153849994,777.9637867491278,1819.414716931312,2007.4525571758752,2105.8956384307694,1500.9254793847415
Uruguay,URY,158439.08409697592,193908.93287534814,49506.97550014071,,47861.191180751885,11850.086558470814,64496.36345624946,59878.71431957864,82655.13803780434,34235.975382724784
Uzbekistan,UZB,2489347.1625479683,609395.6963518152,205757.45869358367,,433030.6789838511,397270.0753299553,413971.07274064474,448101.2765775244,420637.5308067933,537163.1216899677
Vanuatu,VUT,22763.16794991516,8419.219234698001,6456.084054174131,,6179.369641512843,2219.7578030397517,3463.541631800325,3142.3868625067744,4066.5842024667686,4828.005501300368
Venezuela,VEN,1085664.663181272,805022.8167764676,236974.6373785468,,416364.25793961255,116646.87199541426,443242.313202706,420158.3505421451,408235.6733850183,251187.1350322418
Vietnam,VNM,4223547.314997109,3242416.07041146,1068973.002926062,,1228634.574795475,665619.8724135325,1223961.226008803,1346754.5380954638,1719007.5153966176,951760.7296677768
Wales,,152401.34588601955,181046.02413739284,61607.03447388929,,37895.50029977808,14784.006572167373,60847.97498771116,81829.72591591234,98048.27086594193,37152.06684850658
Western Europe,,18496013.133030884,22256640.86466413,5588367.133836822,,4801040.89913159,1840820.988289724,8742639.170562686,10917210.353497963,13556409.071500424,4440035.363174598
Western Sub-Saharan Africa,,9033520.710414747,6799655.237982582,3107002.8273717687,,12675196.44126519,2620826.6721676183,5457032.419410692,5748294.315946619,4484008.503695726,5620233.588929611
World,OWID_WRL,365869825.24580085,233513216.6982606,112316762.9952717,,121886702.22376922,41397987.89085994,122763811.5201508,111166327.33405876,138723945.37898234,85288127.79547545
Yemen,YEM,1406617.075419299,383418.8428525331,243189.8817114565,,891636.3552118647,60841.83316864546,501577.11989386077,352118.0205805732,405077.35839816893,250774.1769075409
Zambia,ZMB,329740.8488798582,312621.54523842986,117136.15782779652,,499798.8235272467,111273.16770566873,224434.1844482013,219750.60733812046,133692.73004123307,210410.04169546513
Zimbabwe,ZWE,474015.32928672,363645.53275600844,174027.16193696618,,238449.9887926185,49575.80973339488,177696.85044083168,159916.41814184445,141358.29655073726,147974.55928823954
